{
  "optimized_types": {
    "performance_improvement": -44.55982987314958,
    "memory_savings": -56.76174258549737,
    "access_improvement": 1.9417475728155338
  },
  "caching": {
    "cache_improvement": -94.65959546127281,
    "cache_stats": {
      "ohlcv_cache_size": 1000,
      "trade_cache_size": 0,
      "cache_enabled": true,
      "max_cache_size": 1000
    }
  },
  "vectorized_ops": {
    "sma_performance": 2971810.558179232,
    "rsi_performance": 686498.3666743262,
    "validation_performance": 1185367.397693873,
    "validation_accuracy": 100.0
  }
}
